Annotation,HLA,peptide
GBM,HLA-A02:01,FLEEIILKSL
GBM,HLA-A02:01,FLRESQNPL
GBM,HLA-A02:01,GLALGTPLSI
GBM,HLA-A02:01,GLAVNLSQI
GBM,HLA-A02:01,GNLPDIEVRL
GBM,HLA-A02:01,LLQDGRTLI
GBM,HLA-A02:01,KEMTDITIKA
GBM,HLA-A02:01,TLCVADFGL
GBM,HLA-A02:01,RLWPSSWVS
GBM,HLA-A02:01,VLAADIQQC
GBM,HLA-A02:01,AVEDELLQAV
GBM,HLA-A02:01,TMLISILKL
GBM,HLA-A02:01,YILVDIDDTF
GBM,HLA-A02:01,KTLSHLQTL
GBM,HLA-A02:01,NLAEAQSAA
GBM,HLA-A02:01,FVMRNHDVV
GBM,HLA-A02:01,HQFNLAETL
GBM,HLA-A02:01,QVFDFKLSDV
GBM,HLA-A02:01,LLALMTVAM
GBM,HLA-A02:01,NLAEAQSAAL
GBM,HLA-A02:01,LVSDVSVDSV
GBM,HLA-A02:01,KLDYLEEKA
GBM,HLA-A02:01,VLLQDGRTL
GBM,HLA-A02:01,YITAAYVEV
GBM,HLA-A02:01,EMTDITIKA
GBM,HLA-A02:01,ALAGGLYEY
GBM,HLA-A02:01,ALFCHQYDI
GBM,HLA-A02:01,AVAQDYAQGV
GBM,HLA-A02:01,RLLLERGYDV
GBM,HLA-A02:01,FKLSDVEMAT
GBM,HLA-A02:01,ALQQLTTHM
GBM,HLA-A02:01,ILFQCMPVPV
GBM,HLA-A02:01,VVVYGMEYL
GBM,HLA-A02:01,GRVIENLAEA
GBM,HLA-A02:01,LLLERGYDV
GBM,HLA-A02:01,ILFSAAKHSV
GBM,HLA-A02:01,FVMRNHDVVL
GBM,HLA-A02:01,IIPPMFGTV
GBM,HLA-A02:01,ILVDIDDTF
GBM,HLA-A02:01,YLLTGQQKT
GBM,HLA-A02:01,KLSDVEMAT
GBM,HLA-A02:01,AAIESFVSV
GBM,HLA-A02:01,LMAPLSPGA
GBM,HLA-A02:01,LEMDDFEIVV
GBM,HLA-A02:01,GMLKTDEGI
GBM,HLA-A02:01,EMDDFEIVV
GBM,HLA-A02:01,LLMRYLKAI
GBM,HLA-A02:01,LLLHSSNLI
GBM,HLA-A02:01,AMGNELIQVL
GBM,HLA-A02:01,GLSSVALAFL
GBM,HLA-A02:01,KMVRLDLLM
GBM,HLA-A02:01,MMVNFVVEC
GBM,HLA-A02:01,TAMGNELIQV
GBM,HLA-A02:01,QLMAPLSPGA
GBM,HLA-A02:01,ALSTVRVGA
GBM,HLA-A02:01,SQIFFSLHL
GBM,HLA-A02:01,TLTSWSLAA
GBM,HLA-A02:01,RLDLLMRYL
GBM,HLA-A02:01,SLHLDAWTI
GBM,HLA-A02:01,RLLLHSSNL
GBM,HLA-A02:01,TIWVDLLRA
GBM,HLA-A02:01,HLDAWTIYS
GBM,HLA-A02:01,GLSSVALAF
GBM,HLA-A02:01,KIEGGIHTA
GBM,HLA-A02:01,LFLLYGLSSV
GBM,HLA-A02:01,VLLAPPATGM
GBM,HLA-A02:01,TIMNTQLWV
GBM,HLA-A02:01,RLSEDYGML
GBM,HLA-A02:01,WLSEDEIML
GBM,HLA-A02:01,YLSAIMPSQL
GBM,HLA-A02:01,LLAPFSEEGL
GBM,HLA-A02:01,LAMAFDHYV
GBM,HLA-A02:01,QWLSEDEIML
GBM,HLA-A02:01,YLDEPFWAQ
GBM,HLA-A02:01,ALKSDFKLV
GBM,HLA-A02:01,VLLYCIAAL
GBM,HLA-A02:01,YIRFFITYV
GBM,HLA-A02:01,IIFFFLNRV
GBM,HLA-A02:01,VLSSVNSNLL
GBM,HLA-A02:01,KVDHKGPQI
GBM,HLA-A02:01,DIVGFFFSV
GBM,HLA-A02:01,MLDSRSTNRV
GBM,HLA-A02:01,ILPDFLPII
GBM,HLA-A02:01,MLQQFTVKL
GBM,HLA-A02:01,KLVSLRTSL
GBM,HLA-A02:01,LLAMAFDHYV
GBM,HLA-A02:01,IMLQQFTVKL
GBM,HLA-A02:01,KLPDLWCKI
GBM,HLA-A02:01,FLNILYPKT
GBM,HLA-A02:01,ALQEEQNIL
GBM,HLA-A02:01,FLLICGLQQV
GBM,HLA-A02:01,ELDETSQEL
GBM,HLA-A02:01,REMIPAVLPL
GBM,HLA-A02:01,LLLGDMDQGI
GBM,HLA-A02:01,IMEEVWYFL
GBM,HLA-A02:01,IVVEFSSPV
GBM,HLA-A02:01,LLPAHYETL
GBM,HLA-A02:01,CLSPPPTLL
GBM,HLA-A02:01,KVEEALVLL
GBM,HLA-A02:01,RLQPDRVAM
GBM,HLA-A02:01,GMVLAEDGV
GBM,HLA-A02:01,TVMTITVYA
GBM,HLA-A02:01,IQLAVFFFL
GBM,HLA-A02:01,GLRVVAIQV
GBM,HLA-A02:01,LLLPAHYETL
GBM,HLA-A02:01,FCLSPPPTLL
GBM,HLA-A02:01,GTIGLFLPL
GBM,HLA-A02:01,HLEQEEAFL
GBM,HLA-A02:01,LLLPAHYET
GBM,HLA-A02:01,VLHFPLVNC
GBM,HLA-A02:01,FFLGITNML
GBM,HLA-A02:01,QLAVFFFLL
GBM,HLA-A02:01,LLGFSHLANL
GBM,HLA-A02:01,FLTGISQNYA
GBM,HLA-A02:01,ALGALLILQL
GBM,HLA-A02:01,IVFPIIVIVV
GBM,HLA-A02:01,YLRLQPDRV
GBM,HLA-A02:01,YLDATFSPCL
GBM,HLA-A02:01,NIYPNIIAM
GBM,HLA-A02:01,AVVGPLPTM
GBM,HLA-A02:01,TLAELVRYYM
GBM,HLA-A02:01,VMFIGVNLT
GBM,HLA-A02:01,TVMFIGVNL
