Norm_peptide,Peptide,MHC,Immunogenicity,Dataset
.........R,FLEEIILKSL,HLA-A02:01,Negative,GBM
.P.......,FLRESQNPL,HLA-A02:01,Negative,GBM
.P........,GLALGTPLSI,HLA-A02:01,Negative,GBM
.P.......,GLAVNLSQI,HLA-A02:01,Negative,GBM
D.........,GNLPDIEVRL,HLA-A02:01,Negative,GBM
..R......,LLQDGRTLI,HLA-A02:01,Negative,GBM
..T.......,KEMTDITIKA,HLA-A02:01,Negative,GBM
.V.......,TLCVADFGL,HLA-A02:01,Negative,GBM
..P...S..,RLWPSSWVS,HLA-A02:01,Negative,GBM
.....T...,VLAADIQQC,HLA-A02:01,Negative,GBM
.A........,AVEDELLQAV,HLA-A02:01,Negative,GBM
.I.......,TMLISILKL,HLA-A02:01,Negative,GBM
........I.,YILVDIDDTF,HLA-A02:01,Negative,GBM
.N.......,KTLSHLQTL,HLA-A02:01,Negative,GBM
.P.......,NLAEAQSAA,HLA-A02:01,Negative,GBM
.....R...,FVMRNHDVV,HLA-A02:01,Negative,GBM
.......I.,HQFNLAETL,HLA-A02:01,Negative,GBM
.........E,QVFDFKLSDV,HLA-A02:01,Negative,GBM
.......V.,LLALMTVAM,HLA-A02:01,Negative,GBM
.P........,NLAEAQSAAL,HLA-A02:01,Negative,GBM
..T.......,LVSDVSVDSV,HLA-A02:01,Negative,GBM
..E......,KLDYLEEKA,HLA-A02:01,Negative,GBM
...R.....,VLLQDGRTL,HLA-A02:01,Negative,GBM
........M,YITAAYVEV,HLA-A02:01,Positive,GBM
.T.......,EMTDITIKA,HLA-A02:01,Negative,GBM
V........,ALAGGLYEY,HLA-A02:01,Negative,GBM
....R....,ALFCHQYDI,HLA-A02:01,Negative,GBM
V.........,AVAQDYAQGV,HLA-A02:01,Negative,GBM
.......C..,RLLLERGYDV,HLA-A02:01,Negative,GBM
.....E....,FKLSDVEMAT,HLA-A02:01,Negative,GBM
T........,ALQQLTTHM,HLA-A02:01,Negative,GBM
V.........,ILFQCMPVPV,HLA-A02:01,Positive,GBM
......D..,VVVYGMEYL,HLA-A02:01,Negative,GBM
......P...,GRVIENLAEA,HLA-A02:01,Negative,GBM
......C..,LLLERGYDV,HLA-A02:01,Negative,GBM
..S.......,ILFSAAKHSV,HLA-A02:01,Negative,GBM
.....R....,FVMRNHDVVL,HLA-A02:01,Negative,GBM
.......A.,IIPPMFGTV,HLA-A02:01,Negative,GBM
.......I.,ILVDIDDTF,HLA-A02:01,Negative,GBM
....D....,YLLTGQQKT,HLA-A02:01,Negative,GBM
....E....,KLSDVEMAT,HLA-A02:01,Negative,GBM
........E,AAIESFVSV,HLA-A02:01,Negative,GBM
AA.......,LMAPLSPGA,HLA-A02:01,Positive,GBM
..T.......,LEMDDFEIVV,HLA-A02:01,Positive,GBM
.V.......,GMLKTDEGI,HLA-A02:01,Negative,GBM
.T.......,EMDDFEIVV,HLA-A02:01,Positive,GBM
.M......M,LLMRYLKAI,HLA-A02:01,Positive,GBM
......I.T,LLLHSSNLI,HLA-A02:01,Negative,GBM
....K.....,AMGNELIQVL,HLA-A02:01,Negative,GBM
...L......,GLSSVALAFL,HLA-A02:01,Negative,GBM
.C...P..S,KMVRLDLLM,HLA-A02:01,Positive,GBM
........R,MMVNFVVEC,HLA-A02:01,Positive,GBM
.....K....,TAMGNELIQV,HLA-A02:01,Positive,GBM
..K..A....,QLMAPLSPGA,HLA-A02:01,Negative,GBM
......A..,ALSTVRVGA,HLA-A02:01,Negative,GBM
T......S.,SQIFFSLHL,HLA-A02:01,Negative,GBM
........T,TLTSWSLAA,HLA-A02:01,Negative,GBM
V....R...,RLDLLMRYL,HLA-A02:01,Negative,GBM
...Y.L...,SLHLDAWTI,HLA-A02:01,Positive,GBM
......NR.,RLLLHSSNL,HLA-A02:01,Negative,GBM
..R......,TIWVDLLRA,HLA-A02:01,Negative,GBM
....T.VL.,HLDAWTIYS,HLA-A02:01,Negative,GBM
...L.....,GLSSVALAF,HLA-A02:01,Negative,GBM
..K......,KIEGGIHTA,HLA-A02:01,Negative,GBM
........L.,LFLLYGLSSV,HLA-A02:01,Positive,GBM
.......A..,VLLAPPATGM,HLA-A02:01,Negative,GBM
.V.......,TIMNTQLWV,HLA-A02:01,Positive,GBM
.......V.,RLSEDYGML,HLA-A02:01,Negative,GBM
PS.....A.,WLSEDEIML,HLA-A02:01,Negative,GBM
D.........,YLSAIMPSQL,HLA-A02:01,Negative,GBM
.P........,LLAPFSEEGL,HLA-A02:01,Negative,GBM
......R..,LAMAFDHYV,HLA-A02:01,Positive,GBM
.GVN......,QWLSEDEIML,HLA-A02:01,Negative,GBM
......R..,YLDEPFWAQ,HLA-A02:01,Negative,GBM
....KE.K.,ALKSDFKLV,HLA-A02:01,Negative,GBM
.F.......,VLLYCIAAL,HLA-A02:01,Negative,GBM
........I,YIRFFITYV,HLA-A02:01,Positive,GBM
D..E...H.,IIFFFLNRV,HLA-A02:01,Negative,GBM
.........F,VLSSVNSNLL,HLA-A02:01,Negative,GBM
...R.....,KVDHKGPQI,HLA-A02:01,Negative,GBM
P..Q.....,DIVGFFFSV,HLA-A02:01,Negative,GBM
.......D..,MLDSRSTNRV,HLA-A02:01,Negative,GBM
..Y.P....,ILPDFLPII,HLA-A02:01,Positive,GBM
T.I......,MLQQFTVKL,HLA-A02:01,Negative,GBM
.....K.L.,KLVSLRTSL,HLA-A02:01,Negative,GBM
.......R..,LLAMAFDHYV,HLA-A02:01,Negative,GBM
...I.VD...,IMLQQFTVKL,HLA-A02:01,Negative,GBM
......R..,KLPDLWCKI,HLA-A02:01,Positive,GBM
.......N.,FLNILYPKT,HLA-A02:01,Negative,GBM
..K......,ALQEEQNIL,HLA-A02:01,Negative,GBM
.......R..,FLLICGLQQV,HLA-A02:01,Positive,GBM
.......G.,ELDETSQEL,HLA-A02:01,Negative,GBM
C.........,REMIPAVLPL,HLA-A02:01,Negative,GBM
......G...,LLLGDMDQGI,HLA-A02:01,Negative,GBM
.T.......,IMEEVWYFL,HLA-A02:01,Positive,GBM
........N,IVVEFSSPV,HLA-A02:01,Negative,GBM
.P.......,LLPAHYETL,HLA-A02:01,Negative,GBM
PP.......,CLSPPPTLL,HLA-A02:01,Positive,GBM
E........,KVEEALVLL,HLA-A02:01,Negative,GBM
..R......,RLQPDRVAM,HLA-A02:01,Negative,GBM
.T.......,GMVLAEDGV,HLA-A02:01,Negative,GBM
..T......,TVMTITVYA,HLA-A02:01,Negative,GBM
........S,IQLAVFFFL,HLA-A02:01,Positive,GBM
........G,GLRVVAIQV,HLA-A02:01,Negative,GBM
..P.......,LLLPAHYETL,HLA-A02:01,Negative,GBM
LE.....P..,FCLSPPPTLL,HLA-A02:01,Negative,GBM
........P,GTIGLFLPL,HLA-A02:01,Positive,GBM
....K....,HLEQEEAFL,HLA-A02:01,Negative,GBM
..P......,LLLPAHYET,HLA-A02:01,Negative,GBM
........R,VLHFPLVNC,HLA-A02:01,Negative,GBM
..Q......,FFLGITNML,HLA-A02:01,Positive,GBM
.......SV,QLAVFFFLL,HLA-A02:01,Negative,GBM
........D.,LLGFSHLANL,HLA-A02:01,Negative,GBM
....V.....,FLTGISQNYA,HLA-A02:01,Negative,GBM
......V...,ALGALLILQL,HLA-A02:01,Negative,GBM
.......V..,IVFPIIVIVV,HLA-A02:01,Positive,GBM
....R....,YLRLQPDRV,HLA-A02:01,Positive,GBM
......F...,YLDATFSPCL,HLA-A02:01,Negative,GBM
Y........,NIYPNIIAM,HLA-A02:01,Negative,GBM
..A......,AVVGPLPTM,HLA-A02:01,Negative,GBM
......Q...,TLAELVRYYM,HLA-A02:01,Positive,GBM
I........,VMFIGVNLT,HLA-A02:01,Negative,GBM
.I.......,TVMFIGVNL,HLA-A02:01,Negative,GBM
