			HLA-B44:02		
Pos	Peptide	ID	Pred	Thalf(h)	Rank	Ave	NB
0	ADAGFIKQY	PEPLIST	0.3121	0.5952	1.8000	0.3121	     1
0	AEAELAKNV	PEPLIST	0.2584	0.5122	3.0000	0.2584	     0
0	AEDNYLAKL	PEPLIST	0.4608	0.8946	0.7000	0.4608	     1
0	AEDSYGCTL	PEPLIST	0.4941	0.9832	0.5000	0.4941	     1
0	AEEFVQQRL	PEPLIST	0.3243	0.6155	1.7000	0.3243	     1
0	AEESYTYYY	PEPLIST	0.7262	2.1664	0.0500	0.7262	     1
0	AEFEDQLVF	PEPLIST	0.7315	2.2174	0.0500	0.7315	     1
0	AEFTVPKFL	PEPLIST	0.4878	0.9657	0.6000	0.4878	     1
0	AEIRASANL	PEPLIST	0.5153	1.0455	0.5000	0.5153	     1
0	AEKEKVKFY	PEPLIST	0.5097	1.0286	0.5000	0.5097	     1
0	AELAKNVSL	PEPLIST	0.4732	0.9265	0.6000	0.4732	     1
0	AEMLREEGY	PEPLIST	0.5563	1.1818	0.4000	0.5563	     1
0	AEMRLLSIY	PEPLIST	0.7954	3.0276	0.0150	0.7954	     1
0	AEPINIQTW	PEPLIST	0.3696	0.6964	1.3000	0.3696	     1
0	AEQRRSTIF	PEPLIST	0.5772	1.2611	0.2500	0.5772	     1
0	AESKAKDLF	PEPLIST	0.6232	1.4657	0.1750	0.6232	     1
0	AEVERLMEL	PEPLIST	0.5303	1.0928	0.4000	0.5303	     1
0	AEVQIDRLI	PEPLIST	0.4986	0.9959	0.5000	0.4986	     1
0	AEWFLAYIL	PEPLIST	0.5478	1.1517	0.4000	0.5478	     1
0	CENYILKNL	PEPLIST	0.2382	0.4831	3.0000	0.2382	     0
0	CERCPPHTY	PEPLIST	0.4816	0.9486	0.6000	0.4816	     1
0	CESSNTWTL	PEPLIST	0.5732	1.2457	0.3000	0.5732	     1
0	CETSRTGTL	PEPLIST	0.1933	0.4217	4.5000	0.1933	     0
0	CEVDKTKDF	PEPLIST	0.3219	0.6115	1.7000	0.3219	     1
0	DEANEAGLF	PEPLIST	0.3301	0.6254	1.6000	0.3301	     1
0	DEFIAENIF	PEPLIST	0.2580	0.5116	3.0000	0.2580	     0
0	DEFKCFINY	PEPLIST	0.4828	0.9519	0.6000	0.4828	     1
0	DEFLNISWF	PEPLIST	0.2167	0.4533	3.5000	0.2167	     0
0	DEGATLYRF	PEPLIST	0.2690	0.5279	2.5000	0.2690	     0
0	DEHNVPLPF	PEPLIST	0.5090	1.0263	0.5000	0.5090	     1
0	DEIDALVFY	PEPLIST	0.4156	0.7894	0.9000	0.4156	     1
0	DEIDHESYY	PEPLIST	0.3403	0.6430	1.5000	0.3403	     1
0	DEILGIAHL	PEPLIST	0.1826	0.4077	5.0000	0.1826	     0
0	DEIVAAYSL	PEPLIST	0.2725	0.5332	2.5000	0.2725	     0
0	DEIVVTREY	PEPLIST	0.3933	0.7428	1.1000	0.3933	     1
0	DEKDYIDAY	PEPLIST	0.2133	0.4486	4.0000	0.2133	     0
0	DEKELVSKL	PEPLIST	0.0893	0.2869	12.0000	0.0893	     0
0	DEKSPIYYF	PEPLIST	0.2493	0.4990	3.0000	0.2493	     0
0	DELDDNVFF	PEPLIST	0.3304	0.6260	1.6000	0.3304	     1
0	DELINVLPF	PEPLIST	0.3377	0.6386	1.5000	0.3377	     1
0	DELRRKMMY	PEPLIST	0.3110	0.5935	1.8000	0.3110	     1
0	DELVDPINY	PEPLIST	0.2673	0.5254	2.5000	0.2673	     0
0	DENIVSTLL	PEPLIST	0.3876	0.7313	1.1000	0.3876	     1
0	DENKKNREL	PEPLIST	0.0465	0.2258	19.0000	0.0465	     0
0	DENRSVLLF	PEPLIST	0.5378	1.1174	0.4000	0.5378	     1
0	DENTYAMEL	PEPLIST	0.3128	0.5963	1.8000	0.3128	     1
0	DEQVSKRSW	PEPLIST	0.1055	0.3082	9.5000	0.1055	     0
0	DERKLALRF	PEPLIST	0.1970	0.4267	4.5000	0.1970	     0
0	DESEARVEF	PEPLIST	0.3379	0.6389	1.5000	0.3379	     1
0	DESELYSAY	PEPLIST	0.4160	0.7903	0.9000	0.4160	     1
0	DESIFINKL	PEPLIST	0.2344	0.4778	3.5000	0.2344	     0
0	DESIKSILL	PEPLIST	0.1960	0.4254	4.5000	0.1960	     0
0	DESSIYVIL	PEPLIST	0.2806	0.5454	2.5000	0.2806	     0
0	DESYSMNSL	PEPLIST	0.2117	0.4464	4.0000	0.2117	     0
0	DEVFAILNL	PEPLIST	0.1236	0.3315	8.0000	0.1236	     0
0	DEVHANHGF	PEPLIST	0.2889	0.5582	2.5000	0.2889	     0
0	DEVTSLNDY	PEPLIST	0.2058	0.4385	4.0000	0.2058	     0
0	DEWTKLSSL	PEPLIST	0.0521	0.2345	18.0000	0.0521	     0
0	DEYILRGLL	PEPLIST	0.0707	0.2616	14.0000	0.0707	     0
0	EDMNLPGRW	PEPLIST	0.0654	0.2542	15.0000	0.0654	     0
0	EEAIVAYTL	PEPLIST	0.5355	1.1097	0.4000	0.5355	     1
0	EEALTRLIF	PEPLIST	0.4304	0.8223	0.9000	0.4304	     1
0	EECGNSGEF	PEPLIST	0.3044	0.5828	1.9000	0.3044	     1
0	EECIVDIYL	PEPLIST	0.3067	0.5864	1.9000	0.3067	     1
0	EEEINNQLL	PEPLIST	0.1401	0.3527	7.0000	0.1401	     0
0	EEEVVIEEY	PEPLIST	0.2756	0.5378	2.5000	0.2756	     0
0	EEFFNRSEL	PEPLIST	0.1464	0.3608	6.5000	0.1464	     0
0	EEFIEYQNL	PEPLIST	0.1694	0.3904	5.5000	0.1694	     0
0	EEGQHLLYL	PEPLIST	0.1758	0.3987	5.0000	0.1758	     0
0	EEGRGILIY	PEPLIST	0.3099	0.5917	1.9000	0.3099	     1
0	EEICNTDQF	PEPLIST	0.4401	0.8445	0.8000	0.4401	     1
0	EEIDNELDY	PEPLIST	0.3852	0.7267	1.1000	0.3852	     1
0	EEIEKVEKY	PEPLIST	0.4666	0.9092	0.7000	0.4666	     1
0	EEIISTYLL	PEPLIST	0.5492	1.1566	0.4000	0.5492	     1
0	EEIKAEMQL	PEPLIST	0.3834	0.7230	1.2000	0.3834	     1
0	EEIPDFAFY	PEPLIST	0.3974	0.7512	1.1000	0.3974	     1
0	EEISTSLSF	PEPLIST	0.4902	0.9723	0.6000	0.4902	     1
0	EEIYEDVTF	PEPLIST	0.3776	0.7116	1.2000	0.3776	     1
0	EEIYQKAKL	PEPLIST	0.1555	0.3725	6.0000	0.1555	     0
0	EEKLIVVLF	PEPLIST	0.3358	0.6352	1.6000	0.3358	     1
0	EEKSDINTL	PEPLIST	0.1219	0.3293	8.5000	0.1219	     0
0	EELINMKPF	PEPLIST	0.2970	0.5710	2.0000	0.2970	     1
0	EELKQKLRL	PEPLIST	0.1573	0.3747	6.0000	0.1573	     0
0	EEMCLKNDY	PEPLIST	0.3765	0.7096	1.2000	0.3765	     1
0	EEMNLPGRW	PEPLIST	0.3626	0.6832	1.3000	0.3626	     1
0	EEMSCWSEL	PEPLIST	0.3691	0.6954	1.3000	0.3691	     1
0	EENMEVEIW	PEPLIST	0.4292	0.8195	0.9000	0.4292	     1
0	EENTFSILY	PEPLIST	0.6958	1.9113	0.0700	0.6958	     1
0	EEQDYRALL	PEPLIST	0.2473	0.4962	3.0000	0.2473	     0
0	EEQILASIL	PEPLIST	0.2193	0.4568	3.5000	0.2193	     0
0	EERRIKLQL	PEPLIST	0.0756	0.2684	14.0000	0.0756	     0
0	EERVLNRIF	PEPLIST	0.1455	0.3596	6.5000	0.1455	     0
0	EEVNIDNSF	PEPLIST	0.2987	0.5737	2.0000	0.2987	     1
0	EEYFMYRGL	PEPLIST	0.1206	0.3276	8.5000	0.1206	     0
0	EEYLKAWTF	PEPLIST	0.3913	0.7388	1.1000	0.3913	     1
0	EEYLQAFTY	PEPLIST	0.5214	1.0642	0.5000	0.5214	     1
0	EEYRQLTKF	PEPLIST	0.3366	0.6366	1.6000	0.3366	     1
0	FEALEATKL	PEPLIST	0.3312	0.6273	1.6000	0.3312	     1
0	FEARIVDKF	PEPLIST	0.3597	0.6779	1.3000	0.3597	     1
0	FEDLRVLSF	PEPLIST	0.2504	0.5006	3.0000	0.2504	     0
0	FEHEKRTNY	PEPLIST	0.3785	0.7134	1.2000	0.3785	     1
0	FEICNNHGL	PEPLIST	0.4018	0.7602	1.0000	0.4018	     1
0	FEKEFTSDY	PEPLIST	0.4410	0.8467	0.8000	0.4410	     1
0	FEKIKSPIY	PEPLIST	0.2302	0.4719	3.5000	0.2302	     0
0	FELPTSIPL	PEPLIST	0.4516	0.8719	0.7000	0.4516	     1
0	FEPSTQYEY	PEPLIST	0.4729	0.9257	0.6000	0.4729	     1
0	FERRPPSFY	PEPLIST	0.1707	0.3920	5.5000	0.1707	     0
0	FESHGENRF	PEPLIST	0.3518	0.6636	1.4000	0.3518	     1
0	FESVTNSVY	PEPLIST	0.5028	1.0083	0.5000	0.5028	     1
0	FETMLMEVF	PEPLIST	0.3333	0.6308	1.6000	0.3333	     1
0	GECIKTCVF	PEPLIST	0.6619	1.6796	0.1250	0.6619	     1
0	GEIKPKFCL	PEPLIST	0.4942	0.9835	0.5000	0.4942	     1
0	GEKINYPGL	PEPLIST	0.1139	0.3190	9.0000	0.1139	     0
0	GEKMMIDDF	PEPLIST	0.1260	0.3346	8.0000	0.1260	     0
0	GELFFLSKL	PEPLIST	0.3703	0.6978	1.2000	0.3703	     1
0	GELLSVNDF	PEPLIST	0.4443	0.8544	0.8000	0.4443	     1
0	GELVRQFFY	PEPLIST	0.6225	1.4622	0.1750	0.6225	     1
0	GEPCSSFKF	PEPLIST	0.5640	1.2102	0.3000	0.5640	     1
0	GEPIIITSY	PEPLIST	0.4007	0.7579	1.0000	0.4007	     1
0	GEPIIVAGF	PEPLIST	0.2351	0.4787	3.0000	0.2351	     0
0	GESSSNPTI	PEPLIST	0.4188	0.7964	0.9000	0.4188	     1
0	GETDDYMFF	PEPLIST	0.6335	1.5185	0.1500	0.6335	     1
0	GETKSHAIY	PEPLIST	0.6806	1.8017	0.0900	0.6806	     1
0	GEVFNATRF	PEPLIST	0.5393	1.1225	0.4000	0.5393	     1
0	HEDVTAMIL	PEPLIST	0.3821	0.7205	1.2000	0.3821	     1
0	HEFHVRRLL	PEPLIST	0.3492	0.6588	1.4000	0.3492	     1
0	HEGVSYEVF	PEPLIST	0.4944	0.9841	0.5000	0.4944	     1
0	HEHINDQKF	PEPLIST	0.6090	1.3975	0.2000	0.6090	     1
0	HEIKDLIFL	PEPLIST	0.3327	0.6298	1.6000	0.3327	     1
0	HEKRTNYEY	PEPLIST	0.5335	1.1031	0.4000	0.5335	     1
0	HEMFDKNMY	PEPLIST	0.6496	1.6070	0.1250	0.6496	     1
0	HEMYWVSGV	PEPLIST	0.3507	0.6615	1.4000	0.3507	     1
0	HERPVILSL	PEPLIST	0.2297	0.4712	3.5000	0.2297	     0
0	HESHLVRSW	PEPLIST	0.5018	1.0053	0.5000	0.5018	     1
0	HETGVYQMW	PEPLIST	0.6737	1.7550	0.1000	0.6737	     1
0	HETIARRGY	PEPLIST	0.3167	0.6028	1.8000	0.3167	     1
0	HEYIIHAVF	PEPLIST	0.5840	1.2888	0.2500	0.5840	     1
0	IEAIENYFL	PEPLIST	0.4561	0.8830	0.7000	0.4561	     1
0	IECHFDKKF	PEPLIST	0.5584	1.1896	0.3000	0.5584	     1
0	IECLVILDL	PEPLIST	0.3292	0.6239	1.6000	0.3292	     1
0	IEDAKEFVF	PEPLIST	0.4048	0.7665	1.0000	0.4048	     1
0	IEDKHQPFY	PEPLIST	0.5258	1.0782	0.4000	0.5258	     1
0	IEDTIINKF	PEPLIST	0.4355	0.8340	0.8000	0.4355	     1
0	IEGATAAQL	PEPLIST	0.4066	0.7701	1.0000	0.4066	     1
0	IEIEEDTLF	PEPLIST	0.6015	1.3634	0.2000	0.6015	     1
0	IEILNTIQF	PEPLIST	0.6224	1.4618	0.1750	0.6224	     1
0	IEIMDKEQL	PEPLIST	0.1785	0.4023	5.0000	0.1785	     0
0	IEKHVGIYY	PEPLIST	0.4532	0.8758	0.7000	0.4532	     1
0	IELVRATKF	PEPLIST	0.4347	0.8321	0.8000	0.4347	     1
0	IELVYTLDY	PEPLIST	0.5217	1.0652	0.5000	0.5217	     1
0	IELYSLAKY	PEPLIST	0.7083	2.0096	0.0600	0.7083	     1
0	IEMPMARVY	PEPLIST	0.6713	1.7393	0.1000	0.6713	     1
0	IEMVDIEQF	PEPLIST	0.5099	1.0293	0.5000	0.5099	     1
0	IENALVASL	PEPLIST	0.4815	0.9484	0.6000	0.4815	     1
0	IENASKQNL	PEPLIST	0.3457	0.6526	1.5000	0.3457	     1
0	IENCKVVNF	PEPLIST	0.5353	1.1093	0.4000	0.5353	     1
0	IENEITEFF	PEPLIST	0.7039	1.9745	0.0600	0.7039	     1
0	IENIHSEMY	PEPLIST	0.6711	1.7380	0.1000	0.6711	     1
0	IENIRKILY	PEPLIST	0.5102	1.0301	0.5000	0.5102	     1
0	IENKHQRRL	PEPLIST	0.3000	0.5757	2.0000	0.3000	     1
0	IEQYKTESF	PEPLIST	0.3678	0.6930	1.3000	0.3678	     1
0	IERLVEEFF	PEPLIST	0.1543	0.3709	6.0000	0.1543	     0
0	IERSFDDKF	PEPLIST	0.1718	0.3935	5.5000	0.1718	     0
0	IESVDDNTY	PEPLIST	0.4442	0.8541	0.8000	0.4442	     1
0	IETAIRAGY	PEPLIST	0.5963	1.3406	0.2500	0.5963	     1
0	IETPNELSF	PEPLIST	0.3976	0.7516	1.1000	0.3976	     1
0	IEVILTAAY	PEPLIST	0.6084	1.3947	0.2000	0.6084	     1
0	IEVNSFSGY	PEPLIST	0.6179	1.4400	0.1750	0.6179	     1
0	IEVYNHHTY	PEPLIST	0.7587	2.5095	0.0400	0.7587	     1
0	IEWTGDGLY	PEPLIST	0.5189	1.0565	0.5000	0.5189	     1
0	IEYAKLYVL	PEPLIST	0.3883	0.7327	1.1000	0.3883	     1
0	IEYGLSNLL	PEPLIST	0.4831	0.9526	0.6000	0.4831	     1
0	IEYNDLVTL	PEPLIST	0.3263	0.6189	1.7000	0.3263	     1
0	KEASFSKRL	PEPLIST	0.6198	1.4492	0.1750	0.6198	     1
0	KEAVYLCIY	PEPLIST	0.7882	2.9125	0.0200	0.7882	     1
0	KEDKVKKRY	PEPLIST	0.5397	1.1238	0.4000	0.5397	     1
0	KEDRIITIL	PEPLIST	0.5086	1.0253	0.5000	0.5086	     1
0	KEEALACIL	PEPLIST	0.3726	0.7020	1.2000	0.3726	     1
0	KEENTFSIL	PEPLIST	0.2744	0.5360	2.5000	0.2744	     0
0	KEFADCMYY	PEPLIST	0.8140	3.3681	0.0100	0.8140	     1
0	KEFTSDYPF	PEPLIST	0.7966	3.0481	0.0150	0.7966	     1
0	KEFVYVPEL	PEPLIST	0.4896	0.9704	0.6000	0.4896	     1
0	KEHVFFSEY	PEPLIST	0.7701	2.6528	0.0250	0.7701	     1
0	KEHVIQNAF	PEPLIST	0.6555	1.6409	0.1250	0.6555	     1
0	KEIDRLNEV	PEPLIST	0.3565	0.6720	1.4000	0.3565	     1
0	KEIITASPY	PEPLIST	0.7550	2.4662	0.0400	0.7550	     1
0	KEILDWSIY	PEPLIST	0.5720	1.2407	0.3000	0.5720	     1
0	KEKECGICY	PEPLIST	0.7077	2.0051	0.0600	0.7077	     1
0	KEKQNNIFF	PEPLIST	0.6161	1.4312	0.1750	0.6161	     1
0	KEKYSFGEY	PEPLIST	0.5484	1.1538	0.4000	0.5484	     1
0	KELEGILLL	PEPLIST	0.6929	1.8894	0.0800	0.6929	     1
0	KELENEYYF	PEPLIST	0.7365	2.2665	0.0500	0.7365	     1
0	KELGLATEY	PEPLIST	0.7805	2.7964	0.0250	0.7805	     1
0	KELYVSSSY	PEPLIST	0.7675	2.6189	0.0300	0.7675	     1
0	KEMNRSIIY	PEPLIST	0.8312	3.7500	0.0100	0.8312	     1
0	KENETVGLL	PEPLIST	0.6390	1.5475	0.1500	0.6390	     1
0	KENGLRNSF	PEPLIST	0.5303	1.0928	0.4000	0.5303	     1
0	KEPSTVYVY	PEPLIST	0.7716	2.6727	0.0250	0.7716	     1
0	KERDRSNAY	PEPLIST	0.3578	0.6744	1.4000	0.3578	     1
0	KESHQIKLL	PEPLIST	0.4636	0.9016	0.7000	0.4636	     1
0	KESLPMLYF	PEPLIST	0.6691	1.7248	0.1000	0.6691	     1
0	KESSDKIDF	PEPLIST	0.4498	0.8675	0.7000	0.4498	     1
0	KESTHLNDL	PEPLIST	0.3346	0.6331	1.6000	0.3346	     1
0	KESVINGIY	PEPLIST	0.6688	1.7233	0.1000	0.6688	     1
0	KETNELTYL	PEPLIST	0.5431	1.1355	0.4000	0.5431	     1
0	KETVYYLKL	PEPLIST	0.5237	1.0716	0.5000	0.5237	     1
0	KEWWRSGGF	PEPLIST	0.3347	0.6333	1.6000	0.3347	     1
0	KEYCNDGYL	PEPLIST	0.4729	0.9255	0.6000	0.4729	     1
0	KEYMGIEVY	PEPLIST	0.7730	2.6919	0.0250	0.7730	     1
0	LEDDIIDNF	PEPLIST	0.3070	0.5870	1.9000	0.3070	     1
0	LEFDDIDMY	PEPLIST	0.4880	0.9661	0.6000	0.4880	     1
0	LEFIHSQGF	PEPLIST	0.5249	1.0753	0.5000	0.5249	     1
0	LEHLIRSHY	PEPLIST	0.4443	0.8543	0.8000	0.4443	     1
0	LEHPFDLVY	PEPLIST	0.6655	1.7024	0.1000	0.6655	     1
0	LEHQCPAIL	PEPLIST	0.5975	1.3459	0.2000	0.5975	     1
0	LEIDHINKL	PEPLIST	0.4539	0.8775	0.7000	0.4539	     1
0	LEIDNMDAL	PEPLIST	0.2801	0.5446	2.5000	0.2801	     0
0	LEKELNKCF	PEPLIST	0.2535	0.5050	3.0000	0.2535	     0
0	LELKYLDIF	PEPLIST	0.2998	0.5754	2.0000	0.2998	     1
0	LELRLASDF	PEPLIST	0.3296	0.6245	1.6000	0.3296	     1
0	LELVRYIEL	PEPLIST	0.2474	0.4963	3.0000	0.2474	     0
0	LEMIDERKY	PEPLIST	0.3751	0.7068	1.2000	0.3751	     1
0	LEMLNYVDY	PEPLIST	0.6612	1.6754	0.1250	0.6612	     1
0	LEMVKDKNF	PEPLIST	0.2412	0.4874	3.0000	0.2412	     0
0	LENGAIRIY	PEPLIST	0.5727	1.2436	0.3000	0.5727	     1
0	LENGVTHRF	PEPLIST	0.7986	3.0818	0.0150	0.7986	     1
0	LENKSLTIL	PEPLIST	0.4968	0.9909	0.5000	0.4968	     1
0	LEQLSTLNF	PEPLIST	0.5229	1.0690	0.5000	0.5229	     1
0	LESDRGRLL	PEPLIST	0.2426	0.4894	3.0000	0.2426	     0
0	LESNGLVRL	PEPLIST	0.3855	0.7273	1.1000	0.3855	     1
0	LESQHIISF	PEPLIST	0.5659	1.2173	0.3000	0.5659	     1
0	LESYSSSPL	PEPLIST	0.4820	0.9497	0.6000	0.4820	     1
0	LETVKMGAF	PEPLIST	0.1940	0.4227	4.5000	0.1940	     0
0	LEVKDGFKY	PEPLIST	0.5693	1.2303	0.3000	0.5693	     1
0	LEYAFYIFL	PEPLIST	0.5164	1.0488	0.5000	0.5164	     1
0	LEYGANYFL	PEPLIST	0.4917	0.9765	0.6000	0.4917	     1
0	LEYIIKNTF	PEPLIST	0.3186	0.6061	1.7000	0.3186	     1
0	LEYSISNDL	PEPLIST	0.2787	0.5426	2.5000	0.2787	     0
0	LEYVHIGPL	PEPLIST	0.2643	0.5209	2.5000	0.2643	     0
0	MEIFNVEEL	PEPLIST	0.4117	0.7811	1.0000	0.4117	     1
0	MEKNLPDIF	PEPLIST	0.2618	0.5173	2.5000	0.2618	     0
0	MEMDYEREL	PEPLIST	0.3908	0.7377	1.1000	0.3908	     1
0	MEMYPRHRY	PEPLIST	0.7167	2.0813	0.0600	0.7167	     1
0	MERFNCSSF	PEPLIST	0.2719	0.5323	2.5000	0.2719	     0
0	MERLCNRSY	PEPLIST	0.3185	0.6058	1.7000	0.3185	     1
0	METMFFIRF	PEPLIST	0.5516	1.1652	0.4000	0.5516	     1
0	MEVFPQLDL	PEPLIST	0.2809	0.5458	2.5000	0.2809	     0
0	MEWLKTRPI	PEPLIST	0.2235	0.4626	3.5000	0.2235	     0
0	MEYCLVIYL	PEPLIST	0.4538	0.8773	0.7000	0.4538	     1
0	MEYNLYAEL	PEPLIST	0.5161	1.0480	0.5000	0.5161	     1
0	NECATVDEL	PEPLIST	0.2432	0.4902	3.0000	0.2432	     0
0	NECIISFNL	PEPLIST	0.4487	0.8649	0.8000	0.4487	     1
0	NEFCVDHPF	PEPLIST	0.6309	1.5048	0.1500	0.6309	     1
0	NEHREYRIY	PEPLIST	0.4123	0.7822	1.0000	0.4123	     1
0	NEHSKKFKF	PEPLIST	0.4216	0.8024	0.9000	0.4216	     1
0	NEILDDDSF	PEPLIST	0.1182	0.3246	8.5000	0.1182	     0
0	NEIMKVNYY	PEPLIST	0.4308	0.8231	0.9000	0.4308	     1
0	NEKYCIIKL	PEPLIST	0.3067	0.5865	1.9000	0.3067	     1
0	NELGYSGYF	PEPLIST	0.3818	0.7199	1.2000	0.3818	     1
0	NELKKTSSF	PEPLIST	0.4035	0.7638	1.0000	0.4035	     1
0	NELSKTLSL	PEPLIST	0.2817	0.5471	2.5000	0.2817	     0
0	NELSRVLGL	PEPLIST	0.1775	0.4010	5.0000	0.1775	     0
0	NEMLNELGY	PEPLIST	0.4707	0.9197	0.7000	0.4707	     1
0	NENCNTIVF	PEPLIST	0.6405	1.5557	0.1500	0.6405	     1
0	NENITGAMF	PEPLIST	0.5064	1.0187	0.5000	0.5064	     1
0	NEPLELVRY	PEPLIST	0.2312	0.4733	3.5000	0.2312	     0
0	NERINKKDY	PEPLIST	0.0344	0.2057	23.0000	0.0344	     0
0	NERKDSIKF	PEPLIST	0.2303	0.4721	3.5000	0.2303	     0
0	NERSCVIVY	PEPLIST	0.4402	0.8447	0.8000	0.4402	     1
0	NERYLNVYY	PEPLIST	0.2895	0.5592	2.5000	0.2895	     0
0	NESQLTDVL	PEPLIST	0.3002	0.5760	2.0000	0.3002	     1
0	NESRNIELL	PEPLIST	0.3341	0.6322	1.6000	0.3341	     1
0	NETAKVIKL	PEPLIST	0.2368	0.4812	3.0000	0.2368	     0
0	NETETVEVL	PEPLIST	0.3534	0.6664	1.4000	0.3534	     1
0	NETITVEKF	PEPLIST	0.3972	0.7506	1.1000	0.3972	     1
0	NETVGLLTL	PEPLIST	0.2326	0.4753	3.5000	0.2326	     0
0	NEVAKKLPY	PEPLIST	0.4314	0.8245	0.9000	0.4314	     1
0	NEVLVVPNI	PEPLIST	0.1855	0.4115	5.0000	0.1855	     0
0	NEWLSSKGL	PEPLIST	0.1144	0.3197	9.0000	0.1144	     0
0	NEYSIIAKF	PEPLIST	0.5004	1.0011	0.5000	0.5004	     1
0	NEYTPFNKL	PEPLIST	0.2357	0.4797	3.0000	0.2357	     0
0	PEIFIGNIF	PEPLIST	0.2168	0.4534	3.5000	0.2168	     0
0	PENELRDYF	PEPLIST	0.1426	0.3559	7.0000	0.1426	     0
0	PESESTLSF	PEPLIST	0.4938	0.9822	0.6000	0.4938	     1
0	PEYNRAVKF	PEPLIST	0.2946	0.5672	2.0000	0.2946	     1
0	PEYYSAEKY	PEPLIST	0.4329	0.8278	0.9000	0.4329	     1
0	QEAVDRGCL	PEPLIST	0.1084	0.3120	9.5000	0.1084	     0
0	QEFTMLVNL	PEPLIST	0.3110	0.5934	1.8000	0.3110	     1
0	QELGKYEQY	PEPLIST	0.6206	1.4530	0.1750	0.6206	     1
0	QEMSETYSL	PEPLIST	0.6472	1.5930	0.1250	0.6472	     1
0	QENEIYTYF	PEPLIST	0.6858	1.8379	0.0800	0.6858	     1
0	QERSILSSF	PEPLIST	0.2156	0.4518	4.0000	0.2156	     0
0	QESYLVSSL	PEPLIST	0.3394	0.6414	1.5000	0.3394	     1
0	QESYYQRQL	PEPLIST	0.3510	0.6620	1.4000	0.3510	     1
0	QEVERALYL	PEPLIST	0.3822	0.7207	1.2000	0.3822	     1
0	QEYDYFHMY	PEPLIST	0.7861	2.8797	0.0200	0.7861	     1
0	REAILSLNL	PEPLIST	0.6053	1.3809	0.2000	0.6053	     1
0	REALDGVNL	PEPLIST	0.3638	0.6855	1.3000	0.3638	     1
0	REALEYAFY	PEPLIST	0.8274	3.6581	0.0100	0.8274	     1
0	REHTTLYYY	PEPLIST	0.8319	3.7650	0.0100	0.8319	     1
0	REISAIIGL	PEPLIST	0.6542	1.6337	0.1250	0.6542	     1
0	RELDVLSIL	PEPLIST	0.6194	1.4469	0.1750	0.6194	     1
0	RELERDRYL	PEPLIST	0.3682	0.6937	1.3000	0.3682	     1
0	RENAGVALY	PEPLIST	0.8939	6.1822	0.0100	0.8939	     1
0	RENEERKKY	PEPLIST	0.6139	1.4206	0.1750	0.6139	     1
0	RENLLKMPF	PEPLIST	0.7666	2.6073	0.0300	0.7666	     1
0	RENYFMRWL	PEPLIST	0.5193	1.0578	0.5000	0.5193	     1
0	RERAAYVNY	PEPLIST	0.6047	1.3781	0.2000	0.6047	     1
0	RESDKTDSY	PEPLIST	0.7416	2.3186	0.0400	0.7416	     1
0	SEARELFSL	PEPLIST	0.5231	1.0696	0.5000	0.5231	     1
0	SECGMFISL	PEPLIST	0.5205	1.0616	0.5000	0.5205	     1
0	SEDEIDRIY	PEPLIST	0.4949	0.9853	0.5000	0.4949	     1
0	SEEDYQDVY	PEPLIST	0.4433	0.8520	0.8000	0.4433	     1
0	SEEIISTYL	PEPLIST	0.2730	0.5340	2.5000	0.2730	     0
0	SEEPLITKL	PEPLIST	0.2250	0.4647	3.5000	0.2250	     0
0	SEFLHNYIL	PEPLIST	0.5810	1.2766	0.2500	0.5810	     1
0	SEGDHYINF	PEPLIST	0.6126	1.4147	0.1750	0.6126	     1
0	SEIIYEILY	PEPLIST	0.6356	1.5297	0.1500	0.6356	     1
0	SEIKGNAYF	PEPLIST	0.6872	1.8477	0.0800	0.6872	     1
0	SEIKRGLFF	PEPLIST	0.5509	1.1625	0.4000	0.5509	     1
0	SEIPSTFDL	PEPLIST	0.5838	1.2878	0.2500	0.5838	     1
0	SEIQNVTGF	PEPLIST	0.6646	1.6965	0.1250	0.6646	     1
0	SEIRLVTVL	PEPLIST	0.5260	1.0788	0.4000	0.5260	     1
0	SEIRWEESF	PEPLIST	0.4597	0.8918	0.7000	0.4597	     1
0	SEITYRFYL	PEPLIST	0.5439	1.1382	0.4000	0.5439	     1
0	SEIWRDIDF	PEPLIST	0.3942	0.7446	1.1000	0.3942	     1
0	SEKETLNEY	PEPLIST	0.5708	1.2362	0.3000	0.5708	     1
0	SEKLDSYKL	PEPLIST	0.2605	0.5153	2.5000	0.2605	     0
0	SELDIIKIL	PEPLIST	0.5175	1.0521	0.5000	0.5175	     1
0	SELEVKDGF	PEPLIST	0.4317	0.8252	0.9000	0.4317	     1
0	SELGFKKIY	PEPLIST	0.6384	1.5445	0.1500	0.6384	     1
0	SELVIGAVI	PEPLIST	0.4086	0.7745	1.0000	0.4086	     1
0	SELYNKPLY	PEPLIST	0.7073	2.0017	0.0600	0.7073	     1
0	SEMDQRLGY	PEPLIST	0.7237	2.1432	0.0500	0.7237	     1
0	SENTGMGMY	PEPLIST	0.6989	1.9350	0.0700	0.6989	     1
0	SEPIPYYYL	PEPLIST	0.2085	0.4421	4.0000	0.2085	     0
0	SEPVNVYLL	PEPLIST	0.3208	0.6096	1.7000	0.3208	     1
0	SERSNVKRL	PEPLIST	0.0958	0.2955	11.0000	0.0958	     0
0	SESEFIVRY	PEPLIST	0.8373	3.9029	0.0100	0.8373	     1
0	SESESYNEL	PEPLIST	0.5801	1.2727	0.2500	0.5801	     1
0	SESIKKKVL	PEPLIST	0.1015	0.3031	10.0000	0.1015	     0
0	SESLVAKRY	PEPLIST	0.6689	1.7239	0.1000	0.6689	     1
0	SESTIDIIL	PEPLIST	0.5299	1.0914	0.4000	0.5299	     1
0	SESTLSFSL	PEPLIST	0.6451	1.5811	0.1250	0.6451	     1
0	SETDTIVKF	PEPLIST	0.7721	2.6797	0.0250	0.7721	     1
0	SETDTTTEY	PEPLIST	0.8600	4.5967	0.0100	0.8600	     1
0	SETKQKFPY	PEPLIST	0.7066	1.9959	0.0600	0.7066	     1
0	SEVDYIGQF	PEPLIST	0.6025	1.3680	0.2000	0.6025	     1
0	SEVKFKYVL	PEPLIST	0.6612	1.6752	0.1250	0.6612	     1
0	SEVKTLSSY	PEPLIST	0.6594	1.6645	0.1250	0.6594	     1
0	SEVSNVQRI	PEPLIST	0.4208	0.8008	0.9000	0.4208	     1
0	SEYETMVDY	PEPLIST	0.6923	1.8847	0.0800	0.6923	     1
0	TEARCFYGF	PEPLIST	0.6225	1.4623	0.1750	0.6225	     1
0	TEESMIKIL	PEPLIST	0.1018	0.3034	10.0000	0.1018	     0
0	TEEYIGNTY	PEPLIST	0.3562	0.6715	1.4000	0.3562	     1
0	TEFHHYNNF	PEPLIST	0.4995	0.9985	0.5000	0.4995	     1
0	TEGKINPLL	PEPLIST	0.3546	0.6686	1.4000	0.3546	     1
0	TEINSFDEY	PEPLIST	0.6309	1.5050	0.1500	0.6309	     1
0	TEIVVKILY	PEPLIST	0.6544	1.6349	0.1250	0.6544	     1
0	TEKIFVNAF	PEPLIST	0.3675	0.6924	1.3000	0.3675	     1
0	TELAIKLGF	PEPLIST	0.5427	1.1339	0.4000	0.5427	     1
0	TELGCDVDF	PEPLIST	0.4967	0.9906	0.5000	0.4967	     1
0	TELLDRTVY	PEPLIST	0.4886	0.9677	0.6000	0.4886	     1
0	TELYDCIFL	PEPLIST	0.3291	0.6236	1.6000	0.3291	     1
0	TENAAYQVL	PEPLIST	0.5799	1.2722	0.2500	0.5799	     1
0	TENFVLSIL	PEPLIST	0.4178	0.7943	0.9000	0.4178	     1
0	TENIAVRYL	PEPLIST	0.3525	0.6648	1.4000	0.3525	     1
0	TEPPTVFIF	PEPLIST	0.3908	0.7377	1.1000	0.3908	     1
0	TESDAIRTL	PEPLIST	0.4664	0.9088	0.7000	0.4664	     1
0	TETKITFAL	PEPLIST	0.6015	1.3634	0.2000	0.6015	     1
0	TETMIEAFF	PEPLIST	0.4895	0.9704	0.6000	0.4895	     1
0	TEVHAATSL	PEPLIST	0.4416	0.8481	0.8000	0.4416	     1
0	TEYDDHINL	PEPLIST	0.4040	0.7648	1.0000	0.4040	     1
0	TEYIYWSSY	PEPLIST	0.4239	0.8075	0.9000	0.4239	     1
0	VEANIRDML	PEPLIST	0.3114	0.5942	1.8000	0.3114	     1
0	VEATLDEPL	PEPLIST	0.3772	0.7109	1.2000	0.3772	     1
0	VEEDLARNL	PEPLIST	0.0706	0.2615	14.0000	0.0706	     0
0	VEELLHRGY	PEPLIST	0.1658	0.3857	5.5000	0.1658	     0
0	VEERFSVSF	PEPLIST	0.3754	0.7074	1.2000	0.3754	     1
0	VEHNWYYDF	PEPLIST	0.5949	1.3346	0.2500	0.5949	     1
0	VEIFGITAL	PEPLIST	0.3940	0.7443	1.1000	0.3940	     1
0	VEIFKHLVF	PEPLIST	0.4539	0.8775	0.7000	0.4539	     1
0	VEIPNRIVF	PEPLIST	0.4925	0.9786	0.6000	0.4925	     1
0	VEKDCLMVF	PEPLIST	0.6513	1.6167	0.1250	0.6513	     1
0	VEKFLHTTF	PEPLIST	0.3213	0.6104	1.7000	0.3213	     1
0	VEKKIVSPY	PEPLIST	0.6028	1.3692	0.2000	0.6028	     1
0	VELCYGHLY	PEPLIST	0.7624	2.5553	0.0300	0.7624	     1
0	VELGSGNSF	PEPLIST	0.5298	1.0913	0.4000	0.5298	     1
0	VEMTEPYNL	PEPLIST	0.5510	1.1631	0.4000	0.5510	     1
0	VENAQPDHL	PEPLIST	0.2378	0.4826	3.0000	0.2378	     0
0	VEPGSSFKF	PEPLIST	0.4744	0.9294	0.6000	0.4744	     1
0	VESKFNNIF	PEPLIST	0.6735	1.7537	0.1000	0.6735	     1
0	VESKLPIKL	PEPLIST	0.5055	1.0161	0.5000	0.5055	     1
0	VESVAAVEL	PEPLIST	0.3845	0.7253	1.2000	0.3845	     1
0	VETIKMFTL	PEPLIST	0.3702	0.6975	1.2000	0.3702	     1
0	VETITEKTF	PEPLIST	0.2880	0.5569	2.5000	0.2880	     0
0	VETSISDYY	PEPLIST	0.5727	1.2435	0.3000	0.5727	     1
0	VEVEPGSSF	PEPLIST	0.4137	0.7854	1.0000	0.4137	     1
0	WEESFTILF	PEPLIST	0.3927	0.7415	1.1000	0.3927	     1
0	WEIEGEELY	PEPLIST	0.4897	0.9710	0.6000	0.4897	     1
0	WEMISSRRY	PEPLIST	0.5602	1.1963	0.3000	0.5602	     1
0	WENGFKVVL	PEPLIST	0.2985	0.5734	2.0000	0.2985	     1
0	YEFRKVKSY	PEPLIST	0.4229	0.8054	0.9000	0.4229	     1
0	YEIVDIKEF	PEPLIST	0.2470	0.4957	3.0000	0.2470	     0
0	YEKMIIKGL	PEPLIST	0.0998	0.3008	11.0000	0.0998	     0
0	YEKTLSSCL	PEPLIST	0.2024	0.4339	4.0000	0.2024	     0
0	YELGTHDKY	PEPLIST	0.5640	1.2102	0.3000	0.5640	     1
0	YELKQNKIY	PEPLIST	0.4910	0.9744	0.6000	0.4910	     1
0	YELPCCDNF	PEPLIST	0.4181	0.7949	0.9000	0.4181	     1
0	YENLKYSVI	PEPLIST	0.2351	0.4788	3.0000	0.2351	     0
0	YENVLYDEF	PEPLIST	0.3149	0.5998	1.8000	0.3149	     1
0	YEQMAIDHY	PEPLIST	0.4391	0.8423	0.8000	0.4391	     1
0	YEQTWEEAL	PEPLIST	0.1951	0.4242	4.5000	0.1951	     0
0	YEQYIKWPW	PEPLIST	0.5054	1.0157	0.5000	0.5054	     1
0	YERGNIIIF	PEPLIST	0.2877	0.5564	2.5000	0.2877	     0
0	YERHSLSHF	PEPLIST	0.2386	0.4838	3.0000	0.2386	     0
0	YETIGNQLY	PEPLIST	0.6982	1.9293	0.0700	0.6982	     1
0	YETMVDYLL	PEPLIST	0.5459	1.1450	0.4000	0.5459	     1
0	YETYHLIDY	PEPLIST	0.4492	0.8661	0.7000	0.4492	     1
0	YEVNSTMTL	PEPLIST	0.6275	1.4872	0.1500	0.6275	     1
0	YEYDGETPL	PEPLIST	0.4702	0.9186	0.7000	0.4702	     1
0	YEYDREQYL	PEPLIST	0.2866	0.5547	2.5000	0.2866	     0
