Pos	Peptide	Identity	Allele	Aff	Stab	Tcell	Comb	%Rank	Epitopes
0	AWLLRKNFF	PEPLIST	HLA-A24:02	0.478	0.243	-0.104	0.382	1.00	1
0	AYGNNCDGI	PEPLIST	HLA-A24:02	0.362	0.129	-0.014	0.287	2.00	1
0	AYYFMVKVW	PEPLIST	HLA-A24:02	0.551	0.220	-0.173	0.426	0.80	1
0	EYQDMHSYI	PEPLIST	HLA-A24:02	0.484	0.542	-0.298	0.415	0.80	1
0	IYANMFKKF	PEPLIST	HLA-A24:02	0.798	0.797	-0.363	0.682	0.07	1
0	LYEDVFPVW	PEPLIST	HLA-A24:02	0.548	0.797	0.220	0.555	0.25	1
0	PWQASLFHL	PEPLIST	HLA-A24:02	0.403	0.135	-0.052	0.315	2.00	1
0	PYLPSPCPP	PEPLIST	HLA-A24:02	0.111	0.288	-0.238	0.104	15.00	0
0	RVVSGAYYF	PEPLIST	HLA-A24:02	0.449	0.214	-0.089	0.358	1.50	1
0	SLFHLTRLF	PEPLIST	HLA-A24:02	0.258	0.055	0.133	0.213	4.00	0
0	SQPWQASLF	PEPLIST	HLA-A24:02	0.422	0.285	-0.003	0.358	1.50	1
0	VFPVWEVIW	PEPLIST	HLA-A24:02	0.510	0.300	0.460	0.471	0.80	1
0	VYCEEYYLF	PEPLIST	HLA-A24:02	0.802	0.949	0.168	0.762	0.01	1
0	AYQKAPTKQF	PEPLIST	HLA-A24:02	0.565	0.677	-0.365	0.490	0.50	1
0	LDYVENLAKF	PEPLIST	HLA-A24:02	0.126	0.033	0.023	0.101	15.00	0
0	LLYEDVFPVW	PEPLIST	HLA-A24:02	0.214	0.088	0.235	0.196	5.00	0
0	QPWQASLFHL	PEPLIST	HLA-A24:02	0.086	0.013	-0.040	0.062	32.00	0
0	RHSPAPFSKF	PEPLIST	HLA-A24:02	0.404	0.368	-0.166	0.341	1.50	1
0	RMPKLLKSLF	PEPLIST	HLA-A24:02	0.589	0.415	-0.479	0.454	0.80	1
0	SLVPCLPEFF	PEPLIST	HLA-A24:02	0.292	0.091	0.066	0.237	3.00	0
0	VFIQTRGGTF	PEPLIST	HLA-A24:02	0.477	0.519	0.086	0.445	0.80	1
0	VYCEEYYLFS	PEPLIST	HLA-A24:02	0.224	0.386	0.192	0.247	3.00	0
0	VYPFYRFRLI	PEPLIST	HLA-A24:02	0.710	0.800	0.250	0.678	0.07	1
